Spiritual_Term,Symbol_LaTeX,Symbol_Display,Category,Primary_Equation,Basic_Translation,Medium_Translation,Academic_Translation,Obsidian_Link,Context_Notes,Source_Paper
Grace,G,G,Spiritual_Fields,G′(Rp) = e^(-γ(S-RJ)) · (1-Rp),divine help that changes us,Grace as counterforce to sin's pull,"Grace function: exponential response to repentance, modulated by sin and resurrection factor",[[Grace_Mathematics]],γ = divine constant analogous to G_N,Grace Function Model
Grace_Negentropic,G(t),G(t),Spiritual_Dynamics,G(t) = G₀ · e^(∫₀ᵗ r(t')dt') · (1 - R(t)),Grace growing over time,Grace as negentropy accumulator,"Grace as time-integrated reception rate with resistance factor",[[Grace_Mathematics]],G₀ = baseline divine provision,Negentropic Force
Grace_Entropy,dS/dt,dS/dt,Spiritual_Thermodynamics,dS/dt = λS - μG,Grace fights spiritual decay,Grace opposing entropy growth,"Differential equation: entropy rate balanced by Grace coefficient",[[Grace_Mathematics]],μ = Grace effectiveness; λ = decay constant,Grace-Entropy Dynamics
Grace_Reception,r(t),r(t),Spiritual_Response,r(t) = r₀ · (1 + sin(ωt + φ)) · e^(-α·P(t)) · A(t),how well we receive Grace,Grace reception with spiritual cycles,"Oscillating reception modulated by pride and awareness",[[Grace_Mathematics]],"Pride P(t) reduces reception; Awareness A(t) increases it",Reception Dynamics
Grace_Propagation,∇²G,∇²G,Spiritual_Waves,∇²G - (1/c²) · ∂²G/∂t² = ρ(x\,t),Grace spreading like a wave,Grace propagation wave equation,"D'Alembertian wave equation with source term",[[Grace_Mathematics]],c = spiritual speed limit for Grace propagation,Wave Propagation
Grace_Tunneling,T_spiritual,T_spiritual,Quantum_Grace,T_spiritual = e^(-2κd) where κ = √(2μ(P-G))/ψ,Grace can break through barriers,Quantum tunneling probability for transformation,"Tunneling coefficient: exponential decay with barrier width and energy gap",[[Grace_Mathematics]],"d = transformation distance; μ = pattern entrenchment",Quantum Tunneling Grace
Grace_Escape_Velocity,G′(Rp),G′(Rp),Spiritual_Threshold,G′(Rp) > √(2GMs/r),enough Grace to break free,Grace exceeding escape velocity criterion,"Grace function must exceed gravitational binding energy",[[Grace_Mathematics]],"Ms = accumulated sin patterns; r = spiritual distance",Escape Velocity Model
Grace_Community,G_community,G_community,Collective_Spiritual,G_community = G_individual · N · C,Grace multiplied in community,Community amplification of Grace,"Product of individual Grace\, number\, and coherence",[[Grace_Mathematics]],C = coherence factor (unity of purpose),Community Amplification
Faith,R(F),R(F),Spiritual_Response,R(F) = Rₘₐₓ · (1 + e^(-k·(F-F₀)))^(-1) · E(t),Faith response grows like S-curve,Faith as sigmoid activation function,"Logistic function: threshold activation with environmental modulation",[[Faith_Mathematics]],F₀ = activation threshold (mustard seed),Sigmoid Faith Model
Faith_Quantum,|ψ_faith⟩,|ψ_faith⟩,Quantum_Spiritual,|ψ_faith⟩ = α|doubt⟩ + β|belief⟩,Faith as quantum superposition,Faith state as belief-doubt mix,"Quantum state: linear combination of doubt and belief eigenstates",[[Faith_Mathematics]],|α|² + |β|² = 1 (normalization),Quantum Faith State
Faith_Network,F_total,F_total,Collective_Faith,F_total = ∑ᵢ wᵢ · σ(Fᵢ),Faith as network of beliefs,Faith network activation sum,"Weighted sum of sigmoid-activated belief components",[[Faith_Mathematics]],wᵢ = belief component weights,Neural Network Model
Faith_Oscillation,d²F/dt²,d²F/dt²,Faith_Dynamics,d²F/dt² + 2γ(dF/dt) + ω₀²F = A·sin(ωt),Faith oscillates between doubt and certainty,Faith-doubt harmonic oscillator,"Damped driven harmonic oscillator equation",[[Faith_Mathematics]],γ = damping (spiritual maturity),Harmonic Oscillation
Faith_Coherence,C_faith,C_faith,Collective_Faith,C_faith = |⟨ψ₁|ψ₂⟩|²,Faith alignment between people,Faith coherence measure,"Inner product squared: overlap of faith state vectors",[[Faith_Mathematics]],Measures unity in corporate prayer,Coherence Measure
Faith_Momentum,dF/dt,dF/dt,Faith_Growth,dF/dt = k(F_target - F_current) · A(t),Faith grows toward its target,Faith development rate,"Proportional to gap times action factor",[[Faith_Mathematics]],A(t) = practice/action intensity,Faith Development
Faith_Threshold,F_effective,F_effective,Faith_Activation,F_effective = 0 if F < F_min; F·e^(F-F_min) if F ≥ F_min,mustard seed Faith unlocks power,Faith threshold function (mustard seed),"Piecewise: zero below threshold\, exponential above",[[Faith_Mathematics]],F_min = mustard seed minimum,Mustard Seed Principle
Faith_Amplification,F_community,F_community,Collective_Faith,F_community = F_individual · √N · C,Faith amplified in unity,Community faith amplification,"Square root scaling with number\, modulated by coherence",[[Faith_Mathematics]],"Where two or three gather (Matthew 18:20)",Community Effect
Prayer,ψ_post,ψ_post,Quantum_Spiritual,ψ_post = [O(d) · ψ_pre] / ||O(d) · ψ_pre||,Prayer collapses possibilities,Prayer as wavefunction collapse,"Divine observation operator collapses spiritual probability field",[[Prayer_Mathematics]],O(d) = divine observation operator,Wavefunction Collapse
Prayer_Feedback,χ(t+1),χ(t+1),Spiritual_Amplification,χ(t+1) = χ(t) + G(Rp) · O(t) · χ(t),Prayer amplifies transformation,Prayer feedback loop,"Iterative: new state = old + grace·observation·old",[[Prayer_Mathematics]],Exponential acceleration via iteration,Feedback Amplification
Prayer_Information,I_manifest,I_manifest,Information_Collapse,I_manifest = I_potential · P_collapse(prayer),Prayer manifests divine info,Prayer collapses infinite to finite,"Manifested information = potential × collapse probability",[[Prayer_Mathematics]],Father = I_potential; Son = collapse; Spirit = delivery,Information Processing
Prayer_Coherence,C(χ),C(χ),Quantum_Coherence,C(χ) = ||ρ_off-diagonal|| / ||ρ_diagonal||,Prayer increases spiritual coherence,Prayer coherence measure,"Ratio of off-diagonal to diagonal density matrix elements",[[Prayer_Mathematics]],Higher coherence = more quantum effects,Coherence Measure
Prayer_Resonance,A_prayer,A_prayer,Spiritual_Resonance,A_prayer = A₀ / √((ω₀² - ω²)² + (2γω)²),Prayer aligned with God's will resonates,Prayer resonance amplitude,"Driven harmonic oscillator: max when ω = ω₀",[[Prayer_Mathematics]],ω₀ = natural frequency of divine will,Resonance Effect
Prayer_Entanglement,|ψ_group⟩,|ψ_group⟩,Quantum_Prayer,|ψ_group⟩ = ⊗ᵢ |ψᵢ⟩,Corporate prayer entangles believers,Group prayer tensor product,"Tensor product of individual prayer states",[[Prayer_Mathematics]],Creates non-local correlations,Prayer Entanglement
Prayer_NonLocality,P_effect,P_effect,Spiritual_Action,P_effect ∝ I(prayer) · C(coherence),Prayer works regardless of distance,Prayer effect independent of distance,"Prayer effectiveness: intensity × coherence\, not distance",[[Prayer_Mathematics]],Violates classical locality,Non-Locality
Prayer_Preparation,η_prep,η_prep,Prayer_Readiness,η_prep = ∏ᵢ (1 - eᵢ) · (1 + aᵢ),Preparation amplifies prayer,Pre-prayer alignment factor,"Product over error-reduction and alignment-increase factors",[[Prayer_Mathematics]],Worship/confession maximize η_prep,State Preparation
Prayer_Specificity,σ_outcome,σ_outcome,Prayer_Focus,σ_outcome = σ₀ / √(S + 1),Specific prayers narrow outcomes,Specificity narrows probability,"Standard deviation inversely proportional to specificity",[[Prayer_Mathematics]],Higher S = narrower distribution,Specificity Effect
Trinity_Unity,|Reality⟩,|Reality⟩,Trinity_Framework,|Reality⟩ = |0⟩_Father ⊗ |collapse⟩_Son ⊗ |unity⟩_Spirit,Trinity as quantum structure,Trinity tensor product,"Tensor product of vacuum\, measurement\, entanglement",[[Trinity_Mathematics]],Complete quantum description of reality,Trinity Unity
Father_Vacuum,|0⟩,|0⟩,Trinity_Person,⟨0|infinite_love|0⟩ = G₀,Father as infinite potential,Father vacuum expectation value,"VEV of grace: ground state of divine love field",[[Trinity_Mathematics]],Quantum vacuum = source of all possibilities,God the Father
Son_Measurement,RⱼX,RⱼX,Trinity_Person,RⱼX = collapse[divine] × incarnation,Son bridges infinite to finite,Son as measurement operator,"Collapse operator with resurrection power",[[Trinity_Mathematics]],Wavefunction collapse = Son's function,Jesus Christ
Spirit_Entanglement,C_entanglement,C_entanglement,Trinity_Person,e^(-Q·C_entanglement),Spirit creates unity,Spirit as entanglement correlation,"Exponential of quantum potential times coherence",[[Trinity_Mathematics]],Non-local correlation = Spirit's function,Holy Spirit
Spirit_Network,|Church⟩,|Church⟩,Collective_Spiritual,|Church⟩ = 1/√n ∑ᵢ |believer_i⟩ ⊗ |Spirit⟩,Church as quantum network,Church entanglement state,"Normalized sum: each believer tensor Spirit",[[Trinity_Mathematics]],One body\, many members (1 Cor 12:13),Church Unity
Spirit_Gifts,|Gift_i⟩,|Gift_i⟩,Spiritual_Gifts,|Gift_i⟩ = ⟨Spirit|Information⟩|believer_i⟩,Gifts as info transfer,Spiritual gifts quantum operator,"Spirit information projected onto believer state",[[Trinity_Mathematics]],Prophecy/knowledge/tongues as quantum info,Spiritual Gifts
Sin_Gravity,F_sin,F_sin,Spiritual_Force,F_sin = -∇V_sin(r) = -GMm/r²,Sin pulls like gravity,Sin as gravitational force,"Inverse square law: sin mass × spiritual mass / distance²",[[Sin_Mathematics]],Entropy increases toward sin center,Law 1: Gravity-Sin
Entropy_Spiritual,S,S,Spiritual_Thermodynamics,dS/dt = λS - μG,Spiritual decay over time,Entropy growth minus Grace,"Differential: natural decay constant × entropy - Grace effect",[[Grace_Mathematics]],S = misalignment\, disorder\, corruption,Law 4: Entropy
Coherence,C,C,Spiritual_Order,C(x) = alignment with Logos,Coherence is alignment,Coherence field (0 to 1),"C(x) dimensionless coherence: 0 = chaos\, 1 = perfect order",[[Master_Equation]],Scale 0-1; measures Logos-alignment,Core Variable
Repentance,Rp,Rp,Spiritual_Response,0 ≤ Rp ≤ 1,Repentance is turning back,Repentance alignment factor,"Dimensionless: 0 = no repentance\, 1 = full alignment",[[Grace_Mathematics]],Modulates Grace function effectiveness,Grace Receptor
Resurrection,RJ,RJ,Divine_Restoration,RJ = divine restoration potential,Resurrection overcomes death,Resurrection factor,"Divine restoration potential: balances sin accumulation S",[[Grace_Mathematics]],When RJ = S: complete neutralization,Resurrection Factor
Love_Spiritual,L,L,Spiritual_Force,L = -∇·(coherence field),Love creates order,Love as negative entropy gradient,"Divergence of coherence: love flows toward disorder",[[Spiritual_Dynamics]],Agape as negentropic force,Spiritual Force
Wisdom,W,W,Spiritual_Knowledge,W = ∫ K(x) · C(x) dx,Wisdom is applied knowledge,Wisdom integral,"Integral of knowledge × coherence over domain",[[Knowledge_Framework]],Knowledge aligned with divine order,Spiritual Knowledge
Holy_Spirit_Pentecost,E_entangle,E_entangle,Spiritual_Event,E_entangle = ℏω₀ · N,Pentecost entangles believers,Energy to entangle N believers,"Planck energy × frequency × number of believers",[[Trinity_Mathematics]],Tongues of fire = entanglement energy,Acts 2
Sanctification,dχ/dt,dχ/dt,Spiritual_Growth,dχ/dt = G(Rp) · (1-S/S_max) · F(t),Sanctification is gradual growth,Sanctification rate,"Coherence growth rate: Grace × purity fraction × Faith",[[Spiritual_Growth]],Ongoing transformation process,Progressive Holiness
Salvation,Δχ,Δχ,Spiritual_Event,Δχ = χ_final - χ_initial > χ_threshold,Salvation is crossing threshold,Salvation coherence jump,"Coherence change exceeds critical threshold",[[Salvation_Mathematics]],Instantaneous state change,Justification
Atonement,E_atonement,E_atonement,Spiritual_Thermodynamics,E_atonement = ∫ S(sin) · T dV,Atonement pays entropy debt,Atonement energy cost,"Integral of entropy × temperature over sin volume",[[Atonement_Mathematics]],Energy to reverse entropy of sin,Thermodynamic Cost
Forgiveness,W_forgiveness,W_forgiveness,Spiritual_Work,W_forgiveness = ∫ F·dr = ΔU,Forgiveness does work,Forgiveness thermodynamic work,"Work integral: force × distance = potential change",[[Grace_Mathematics]],Thermodynamic cost of redemption,Grace Work
Blood_of_Christ,ρ_info,ρ_info,Spiritual_Information,ρ_info = divine genetic template,Blood carries divine information,Blood as information density,"Information density: divine genetic/spiritual template",[[Blood_Mathematics]],Physical carrier of spiritual info,Covenant Exchange
Communion,⟨ψ_believer|ψ_Christ⟩,⟨overlap⟩,Spiritual_Union,overlap = ⟨ψ_believer|ψ_Christ⟩,Communion is spiritual overlap,Communion state overlap,"Inner product: believer state with Christ state",[[Communion_Mathematics]],Participation in divine nature,Mystical Union
Spiritual_Warfare,F_warfare,F_warfare,Spiritual_Conflict,F_warfare = ∂S/∂t|_demonic - ∂S/∂t|_angelic,Spiritual warfare over entropy,Warfare as competing entropy rates,"Difference: demonic decoherence rate minus angelic coherence rate",[[Spiritual_Warfare]],Battle over spiritual order/chaos,Ephesians 6
Temptation,V_barrier,V_barrier,Spiritual_Barrier,P_fail = e^(-V_barrier/kT_spiritual),Temptation is energy barrier,Temptation barrier height,"Failure probability: exponential of barrier/spiritual temperature",[[Temptation_Mathematics]],Boltzmann-like distribution,Barrier to Sin
Perseverance,τ_decay,τ_decay,Spiritual_Stability,τ_decay = 1 / (Γ_decoherence),Perseverance resists decay,Perseverance time constant,"Inverse of decoherence rate: higher Γ = faster decay",[[Perseverance_Mathematics]],Faith stability under pressure,Endurance
Hope,H(t),H(t),Spiritual_Expectation,H(t) = ∫ P(future|present) · V(future) df,Hope is expected future value,Hope expectation integral,"Integral of probability × value over future states",[[Hope_Mathematics]],Bayesian expectation of future grace,Spiritual Expectation
Joy,J,J,Spiritual_State,J = -S_spiritual,Joy is negative spiritual entropy,Joy as negentropy,"Joy = opposite of disorder; maximized at perfect order",[[Joy_Mathematics]],Fruit of the Spirit as coherence,Spiritual Fruit
Peace,P_state,P_state,Spiritual_Equilibrium,dE/dt = 0 at equilibrium,Peace is spiritual equilibrium,Peace equilibrium state,"Zero energy derivative: stable minimum in potential well",[[Peace_Mathematics]],Rest in divine order,Spiritual Rest

