Law_Number,Physics_Law,Core_Physics_Equation,Spiritual_Law,Core_Spiritual_Equation,Variable_Mapping,Proof_Justification,Obsidian_Link
Law_1,Universal Gravitation,F = G·(m₁·m₂)/r²,Sin's Pull,F_sin = -G_sin·(M_sin·m_soul)/d²,"G→G_sin (gravity constant→sin constant); m₁→M_sin (mass of sin); m₂→m_soul (soul mass); r→d (spiritual distance)",SAME inverse-square law structure: pull increases with mass and decreases with distance squared. Both require escape velocity to break free.,[[Grace_Mathematics]]
Law_2,Strong Nuclear Force,F_strong ∝ e^(-r/r₀),Divine Unity/Love,F_love ∝ e^(-d/d₀),"F_strong→F_love (binding force→love force); r→d (distance→spiritual distance); r₀→d₀ (range constant→unity constant)",SAME exponential decay with distance. Short-range but incredibly strong when close. Binds disparate elements into coherent whole.,[[Trinity_Mathematics]]
Law_3,Electromagnetism (Gauss),∇·E = ρ/ε₀,Light of Truth,∇·T = σ_truth/ε_spiritual,"E→T (electric field→truth field); ρ→σ_truth (charge density→truth source density); ε₀→ε_spiritual (permittivity→spiritual permittivity)",SAME field divergence structure: sources emit field that propagates at light speed. Truth illuminates and cannot be hidden (Matthew 10:26).,[[Light_Truth]]
Law_4,Weak Nuclear Force (Beta Decay),n → p + e⁻ + ν̄,Spiritual Transformation,old_nature → new_nature + witness + Spirit,"n→old_nature (neutron→unregenerate); p→new_nature (proton→regenerate); e⁻→witness (electron→testimony); ν̄→Spirit (neutrino→Holy Spirit)",SAME transformation structure: one state becomes another via fundamental change. Beta decay changes particle identity; grace changes heart identity (2 Cor 5:17).,[[Transformation_Mathematics]]
Law_5,Thermodynamics (2nd Law),dS/dt ≥ 0 (ΔS_universe ≥ 0),Grace vs Spiritual Entropy,dS_spiritual/dt = λS - μG,"S→S_spiritual (entropy→spiritual disorder); λ→natural decay; μ→grace effectiveness; G→grace",SAME entropy structure BUT grace adds negentropic term. Without grace term: pure decay (2nd Law). With grace: order can increase locally.,[[Grace_Mathematics]]
Law_6,Information Theory (Shannon),I = -Σ pᵢ·log(pᵢ),Logos & Divine Word,I_logos = -Σ p_state·log(p_state),"I→I_logos (information→divine information); pᵢ→p_state (probability→spiritual state probability)",SAME information measure structure. Universe is information (Wheeler's It from Bit). John 1:1: In beginning was Logos (Information/Word).,[[Information_Logos]]
Law_7,Relativity (Time Dilation),Δt' = γΔt = Δt/√(1-v²/c²),Divine Presence & Eternal Now,Δt_perceived = γ_spiritual·Δt_divine,"Δt→Δt_divine (proper time→divine time); Δt'→Δt_perceived (dilated time→human perception); v→v_spiritual (velocity→spiritual motion); c→c_divine (light speed→divine speed limit)",SAME time dilation structure: moving observers experience time differently. God outside time (2 Peter 3:8: day=1000 years). Eternal Now = limit as v→c.,[[Relativity_Presence]]
Law_8,Phase Transitions,Energy + State₁ → State₂ (at T_critical),Redemption & Transformation,Grace + Sinner → Saint (at Faith_critical),"Energy→Grace (energy input→divine energy); State₁→Sinner (initial phase→unregenerate); State₂→Saint (final phase→regenerate); T_critical→Faith_critical (critical temp→faith threshold)",SAME phase transition structure: abrupt state change at critical threshold. Below threshold: no change. Above: total transformation. Water→ice discontinuity = death→life discontinuity.,[[Salvation_Mathematics]]
Law_9,Wave Mechanics (Superposition),Ψ_total = Σᵢ aᵢ·Ψᵢ,Spiritual Community & Resonance,Ψ_church = Σᵢ Fᵢ·Ψᵢ,"Ψ→Ψ_church (wavefunction→church state); aᵢ→Fᵢ (amplitude→faith); Ψᵢ→believer state",SAME superposition structure: waves add constructively (amplify) or destructively (cancel). Community faith resonates and amplifies (Matthew 18:20: where 2-3 gather).,[[Prayer_Mathematics]]
Law_10,Unified Field Theory,F_total = F_gravity + F_EM + F_strong + F_weak,Christ as Cosmic Principle,χ_total = G + E + L + T + ...(all forces),"F_total→χ_total (total force→total coherence); individual forces→spiritual forces (gravity→grace\, EM→truth\, etc.)",SAME unification structure: all forces are aspects of one underlying reality. Colossians 1:17: All things cohere IN HIM. Christ = unifying principle of all creation.,[[Master_Equation]]

