File,Link,Type,Reason
D:\THEOPHYSICS_MASTER\03_PUBLICATIONS\Logos_Papers\COMPLETE_LOGOS_PAPERS_FINAL\P01-Logos-Principle\Pap...,,,
D:\THEOPHYSICS_MASTER\03_PUBLICATIONS\Logos_Papers\COMPLETE_LOGOS_PAPERS_FINAL\P01-Logos-Principle\Pap...,,,
D:\THEOPHYSICS_MASTER\03_PUBLICATIONS\Logos_Papers\COMPLETE_LOGOS_PAPERS_FINAL\P01-Logos-Principle\Pap...,,,
D:\THEOPHYSICS_MASTER\03_PUBLICATIONS\Logos_Papers\COMPLETE_LOGOS_PAPERS_FINAL\P01-Logos-Principle\Pap...,,,
D:\THEOPHYSICS_MASTER\03_PUBLICATIONS\Logos_Papers\COMPLETE_LOGOS_PAPERS_FINAL\P02-Quantum-Bridge\Pape...,,,
D:\THEOPHYSICS_MASTER\03_PUBLICATIONS\Logos_Papers\COMPLETE_LOGOS_PAPERS_FINAL\P02-Quantum-Bridge\Pape...,,,
D:\THEOPHYSICS_MASTER\03_PUBLICATIONS\Logos_Papers\COMPLETE_LOGOS_PAPERS_FINAL\P03-Algorithm-Reality\P...,,,
D:\THEOPHYSICS_MASTER\03_PUBLICATIONS\Logos_Papers\COMPLETE_LOGOS_PAPERS_FINAL\P03-Algorithm-Reality\P...,,,
D:\THEOPHYSICS_MASTER\03_PUBLICATIONS\Logos_Papers\COMPLETE_LOGOS_PAPERS_FINAL\P04-Hard-Problem\Paper-...,,,
D:\THEOPHYSICS_MASTER\03_PUBLICATIONS\Logos_Papers\COMPLETE_LOGOS_PAPERS_FINAL\P04-Hard-Problem\Paper-...,,,
D:\THEOPHYSICS_MASTER\03_PUBLICATIONS\Logos_Papers\COMPLETE_LOGOS_PAPERS_FINAL\P07-Grace-Function\Pape...,,,
D:\THEOPHYSICS_MASTER\03_PUBLICATIONS\Logos_Papers\COMPLETE_LOGOS_PAPERS_FINAL\P07-Grace-Function\Pape...,,,
D:\THEOPHYSICS_MASTER\03_PUBLICATIONS\Logos_Papers\COMPLETE_LOGOS_PAPERS_FINAL\P07-Grace-Function\Pape...,,,
D:\THEOPHYSICS_MASTER\03_PUBLICATIONS\Logos_Papers\COMPLETE_LOGOS_PAPERS_FINAL\P07-Grace-Function\Pape...,,,
D:\THEOPHYSICS_MASTER\03_PUBLICATIONS\Logos_Papers\COMPLETE_LOGOS_PAPERS_FINAL\P07-Grace-Function\Pape...,,,
D:\THEOPHYSICS_MASTER\03_PUBLICATIONS\Logos_Papers\COMPLETE_LOGOS_PAPERS_FINAL\P07-Grace-Function\Pape...,,,
D:\THEOPHYSICS_MASTER\03_PUBLICATIONS\Logos_Papers\COMPLETE_LOGOS_PAPERS_FINAL\P07-Grace-Function\Pape...,,,
D:\THEOPHYSICS_MASTER\03_PUBLICATIONS\Logos_Papers\COMPLETE_LOGOS_PAPERS_FINAL\P08-Stretched-Heavens\P...,,,
D:\THEOPHYSICS_MASTER\03_PUBLICATIONS\Logos_Papers\COMPLETE_LOGOS_PAPERS_FINAL\P08-Stretched-Heavens\P...,,,
D:\THEOPHYSICS_MASTER\03_PUBLICATIONS\Logos_Papers\COMPLETE_LOGOS_PAPERS_FINAL\P08-Stretched-Heavens\P...,,,
D:\THEOPHYSICS_MASTER\03_PUBLICATIONS\Logos_Papers\COMPLETE_LOGOS_PAPERS_FINAL\P09-Moral-Universe\Pape...,,,
D:\THEOPHYSICS_MASTER\03_PUBLICATIONS\Logos_Papers\COMPLETE_LOGOS_PAPERS_FINAL\P09-Moral-Universe\Pape...,,,
D:\THEOPHYSICS_MASTER\03_PUBLICATIONS\Logos_Papers\COMPLETE_LOGOS_PAPERS_FINAL\P09-Moral-Universe\Pape...,,,
D:\THEOPHYSICS_MASTER\03_PUBLICATIONS\Logos_Papers\COMPLETE_LOGOS_PAPERS_FINAL\P09-Moral-Universe\Pape...,,,
D:\THEOPHYSICS_MASTER\03_PUBLICATIONS\Logos_Papers\COMPLETE_LOGOS_PAPERS_FINAL\P09-Moral-Universe\Pape...,,,
D:\THEOPHYSICS_MASTER\03_PUBLICATIONS\Logos_Papers\COMPLETE_LOGOS_PAPERS_FINAL\P09-Moral-Universe\Pape...,,,
D:\THEOPHYSICS_MASTER\03_PUBLICATIONS\Logos_Papers\COMPLETE_LOGOS_PAPERS_FINAL\P09-Moral-Universe\Pape...,,,
D:\THEOPHYSICS_MASTER\03_PUBLICATIONS\Logos_Papers\COMPLETE_LOGOS_PAPERS_FINAL\P10-Creatio-Silico\Pape...,,,
D:\THEOPHYSICS_MASTER\03_PUBLICATIONS\Logos_Papers\COMPLETE_LOGOS_PAPERS_FINAL\P10-Creatio-Silico\Pape...,,,
D:\THEOPHYSICS_MASTER\03_PUBLICATIONS\Logos_Papers\COMPLETE_LOGOS_PAPERS_FINAL\P10-Creatio-Silico\Pape...,,,
D:\THEOPHYSICS_MASTER\03_PUBLICATIONS\Logos_Papers\COMPLETE_LOGOS_PAPERS_FINAL\P10-Creatio-Silico\Pape...,,,
D:\THEOPHYSICS_MASTER\03_PUBLICATIONS\Logos_Papers\COMPLETE_LOGOS_PAPERS_FINAL\P10-Creatio-Silico\Pape...,,,
D:\THEOPHYSICS_MASTER\03_PUBLICATIONS\Logos_Papers\COMPLETE_LOGOS_PAPERS_FINAL\P10-Creatio-Silico\Pape...,,,
D:\THEOPHYSICS_MASTER\03_PUBLICATIONS\Logos_Papers\COMPLETE_LOGOS_PAPERS_FINAL\P10-Creatio-Silico\Pape...,,,
D:\THEOPHYSICS_MASTER\03_PUBLICATIONS\Logos_Papers\COMPLETE_LOGOS_PAPERS_FINAL\P11-Protocols-Validatio...,,,
D:\THEOPHYSICS_MASTER\03_PUBLICATIONS\Logos_Papers\COMPLETE_LOGOS_PAPERS_FINAL\P11-Protocols-Validatio...,,,
D:\THEOPHYSICS_MASTER\03_PUBLICATIONS\Logos_Papers\COMPLETE_LOGOS_PAPERS_FINAL\P11-Protocols-Validatio...,,,
D:\THEOPHYSICS_MASTER\03_PUBLICATIONS\Logos_Papers\COMPLETE_LOGOS_PAPERS_FINAL\P11-Protocols-Validatio...,,,
D:\THEOPHYSICS_MASTER\03_PUBLICATIONS\Logos_Papers\COMPLETE_LOGOS_PAPERS_FINAL\P11-Protocols-Validatio...,,,
D:\THEOPHYSICS_MASTER\03_PUBLICATIONS\Logos_Papers\COMPLETE_LOGOS_PAPERS_FINAL\P11-Protocols-Validatio...,,,
D:\THEOPHYSICS_MASTER\03_PUBLICATIONS\Logos_Papers\COMPLETE_LOGOS_PAPERS_FINAL\P11-Protocols-Validatio...,,,
D:\THEOPHYSICS_MASTER\03_PUBLICATIONS\Logos_Papers\COMPLETE_LOGOS_PAPERS_FINAL\P11-Protocols-Validatio...,,,
D:\THEOPHYSICS_MASTER\03_PUBLICATIONS\Logos_Papers\COMPLETE_LOGOS_PAPERS_FINAL\P11-Protocols-Validatio...,,,
D:\THEOPHYSICS_MASTER\03_PUBLICATIONS\Logos_Papers\COMPLETE_LOGOS_PAPERS_FINAL\P11-Protocols-Validatio...,,,
D:\THEOPHYSICS_MASTER\03_PUBLICATIONS\Logos_Papers\COMPLETE_LOGOS_PAPERS_FINAL\P11-Protocols-Validatio...,,,
D:\THEOPHYSICS_MASTER\03_PUBLICATIONS\Logos_Papers\COMPLETE_LOGOS_PAPERS_FINAL\P11-Protocols-Validatio...,,,
D:\THEOPHYSICS_MASTER\03_PUBLICATIONS\Logos_Papers\COMPLETE_LOGOS_PAPERS_FINAL\P11-Protocols-Validatio...,,,
D:\THEOPHYSICS_MASTER\03_PUBLICATIONS\Logos_Papers\COMPLETE_LOGOS_PAPERS_FINAL\P11-Protocols-Validatio...,,,
D:\THEOPHYSICS_MASTER\03_PUBLICATIONS\Logos_Papers\COMPLETE_LOGOS_PAPERS_FINAL\P12-Decalogue-Cosmos\Pa...,,,
D:\THEOPHYSICS_MASTER\03_PUBLICATIONS\Logos_Papers\COMPLETE_LOGOS_PAPERS_FINAL\P12-Decalogue-Cosmos\Pa...,,,
D:\THEOPHYSICS_MASTER\03_PUBLICATIONS\Logos_Papers\COMPLETE_LOGOS_PAPERS_FINAL\P12-Decalogue-Cosmos\Pa...,,,
D:\THEOPHYSICS_MASTER\03_PUBLICATIONS\Logos_Papers\COMPLETE_LOGOS_PAPERS_FINAL\P12-Decalogue-Cosmos\Pa...,,,
D:\THEOPHYSICS_MASTER\03_PUBLICATIONS\Logos_Papers\COMPLETE_LOGOS_PAPERS_FINAL\P13_Test_ Predictions\F...,,,
D:\THEOPHYSICS_MASTER\03_PUBLICATIONS\Logos_Papers\COMPLETE_LOGOS_PAPERS_FINAL\P13_Test_ Predictions\T...,,,
D:\THEOPHYSICS_MASTER\03_PUBLICATIONS\Logos_Papers\COMPLETE_LOGOS_PAPERS_FINAL\P13_Test_ Predictions\T...,,,
D:\THEOPHYSICS_MASTER\03_PUBLICATIONS\Logos_Papers\COMPLETE_LOGOS_PAPERS_FINAL\P13_Test_ Predictions\T...,,,
D:\THEOPHYSICS_MASTER\03_PUBLICATIONS\Logos_Papers\COMPLETE_LOGOS_PAPERS_FINAL\P13_Test_ Predictions\T...,,,
D:\THEOPHYSICS_MASTER\03_PUBLICATIONS\Logos_Papers\COMPLETE_LOGOS_PAPERS_FINAL\P13_Test_ Predictions\T...,,,
D:\THEOPHYSICS_MASTER\03_PUBLICATIONS\Logos_Papers\COMPLETE_LOGOS_PAPERS_FINAL\P13_Test_ Predictions\T...,,,
D:\THEOPHYSICS_MASTER\03_PUBLICATIONS\Logos_Papers\COMPLETE_LOGOS_PAPERS_FINAL\P13_Test_ Predictions\T...,,,
D:\THEOPHYSICS_MASTER\03_PUBLICATIONS\Logos_Papers\COMPLETE_LOGOS_PAPERS_FINAL\P13_Test_ Predictions\T...,,,
D:\THEOPHYSICS_MASTER\03_PUBLICATIONS\Logos_Papers\COMPLETE_LOGOS_PAPERS_FINAL\P13_Test_ Predictions\T...,,,
D:\THEOPHYSICS_MASTER\03_PUBLICATIONS\Logos_Papers\COMPLETE_LOGOS_PAPERS_FINAL\P13_Test_ Predictions\T...,,,
D:\THEOPHYSICS_MASTER\03_PUBLICATIONS\Logos_Papers\COMPLETE_LOGOS_PAPERS_FINAL\P13_Test_ Predictions\T...,,,
D:\THEOPHYSICS_MASTER\03_PUBLICATIONS\Logos_Papers\COMPLETE_LOGOS_PAPERS_FINAL\P13_Test_ Predictions\T...,,,
D:\THEOPHYSICS_MASTER\03_PUBLICATIONS\Logos_Papers\COMPLETE_LOGOS_PAPERS_FINAL\P13_Test_ Predictions\T...,,,
D:\THEOPHYSICS_MASTER\03_PUBLICATIONS\Logos_Papers\COMPLETE_LOGOS_PAPERS_FINAL\P13_Test_ Predictions\T...,,,
D:\THEOPHYSICS_MASTER\03_PUBLICATIONS\Logos_Papers\COMPLETE_LOGOS_PAPERS_FINAL\P13_Test_ Predictions\T...,,,
D:\THEOPHYSICS_MASTER\03_PUBLICATIONS\Logos_Papers\COMPLETE_LOGOS_PAPERS_FINAL\P13_Test_ Predictions\T...,,,
D:\THEOPHYSICS_MASTER\03_PUBLICATIONS\Logos_Papers\COMPLETE_LOGOS_PAPERS_FINAL\P13_Test_ Predictions\T...,,,
D:\THEOPHYSICS_MASTER\03_PUBLICATIONS\Logos_Papers\COMPLETE_LOGOS_PAPERS_FINAL\P13_Test_ Predictions\T...,,,
D:\THEOPHYSICS_MASTER\03_PUBLICATIONS\Logos_Papers\COMPLETE_LOGOS_PAPERS_FINAL\P13_Test_ Predictions\T...,,,
D:\THEOPHYSICS_MASTER\03_PUBLICATIONS\Logos_Papers\COMPLETE_LOGOS_PAPERS_FINAL\P13_Test_ Predictions\T...,,,
D:\THEOPHYSICS_MASTER\03_PUBLICATIONS\Logos_Papers\COMPLETE_LOGOS_PAPERS_FINAL\P13_Test_ Predictions\T...,,,
D:\THEOPHYSICS_MASTER\03_PUBLICATIONS\Logos_Papers\COMPLETE_LOGOS_PAPERS_FINAL\P13_Test_ Predictions\T...,,,
D:\THEOPHYSICS_MASTER\03_PUBLICATIONS\Logos_Papers\COMPLETE_LOGOS_PAPERS_FINAL\P13_Test_ Predictions\T...,,,
D:\THEOPHYSICS_MASTER\03_PUBLICATIONS\Logos_Papers\COMPLETE_LOGOS_PAPERS_FINAL\P13_Test_ Predictions\T...,,,
D:\THEOPHYSICS_MASTER\03_PUBLICATIONS\Logos_Papers\COMPLETE_LOGOS_PAPERS_FINAL\P13_Test_ Predictions\T...,,,
D:\THEOPHYSICS_MASTER\03_PUBLICATIONS\Logos_Papers\COMPLETE_LOGOS_PAPERS_FINAL\P13_Test_ Predictions\T...,,,
D:\THEOPHYSICS_MASTER\03_PUBLICATIONS\Logos_Papers\COMPLETE_LOGOS_PAPERS_FINAL\P13_Test_ Predictions\T...,,,
D:\THEOPHYSICS_MASTER\03_PUBLICATIONS\Logos_Papers\COMPLETE_LOGOS_PAPERS_FINAL\P13_Test_ Predictions\T...,,,
D:\THEOPHYSICS_MASTER\03_PUBLICATIONS\Logos_Papers\COMPLETE_LOGOS_PAPERS_FINAL\P13_Test_ Predictions\T...,,,
D:\THEOPHYSICS_MASTER\03_PUBLICATIONS\Logos_Papers\COMPLETE_LOGOS_PAPERS_FINAL\P13_Test_ Predictions\T...,,,
D:\THEOPHYSICS_MASTER\03_PUBLICATIONS\Logos_Papers\COMPLETE_LOGOS_PAPERS_FINAL\P13_Test_ Predictions\T...,,,
D:\THEOPHYSICS_MASTER\03_PUBLICATIONS\Logos_Papers\COMPLETE_LOGOS_PAPERS_FINAL\P13_Test_ Predictions\T...,,,
D:\THEOPHYSICS_MASTER\03_PUBLICATIONS\Logos_Papers\COMPLETE_LOGOS_PAPERS_FINAL\P13_Test_ Predictions\T...,,,
D:\THEOPHYSICS_MASTER\03_PUBLICATIONS\Logos_Papers\COMPLETE_LOGOS_PAPERS_FINAL\P13_Test_ Predictions\T...,,,
D:\THEOPHYSICS_MASTER\03_PUBLICATIONS\Logos_Papers\COMPLETE_LOGOS_PAPERS_FINAL\P13_Test_ Predictions\T...,,,
D:\THEOPHYSICS_MASTER\03_PUBLICATIONS\Logos_Papers\COMPLETE_LOGOS_PAPERS_FINAL\P13_Test_ Predictions\T...,,,
D:\THEOPHYSICS_MASTER\03_PUBLICATIONS\Logos_Papers\COMPLETE_LOGOS_PAPERS_FINAL\P13_Test_ Predictions\T...,,,
D:\THEOPHYSICS_MASTER\03_PUBLICATIONS\Logos_Papers\COMPLETE_LOGOS_PAPERS_FINAL\P13_Test_ Predictions\T...,,,
D:\THEOPHYSICS_MASTER\03_PUBLICATIONS\Logos_Papers\COMPLETE_LOGOS_PAPERS_FINAL\P13_Test_ Predictions\T...,,,
D:\THEOPHYSICS_MASTER\03_PUBLICATIONS\Logos_Papers\COMPLETE_LOGOS_PAPERS_FINAL\P13_Test_ Predictions\T...,,,
D:\THEOPHYSICS_MASTER\03_PUBLICATIONS\Logos_Papers\COMPLETE_LOGOS_PAPERS_FINAL\P13_Test_ Predictions\T...,,,
D:\THEOPHYSICS_MASTER\03_PUBLICATIONS\Logos_Papers\COMPLETE_LOGOS_PAPERS_FINAL\P13_Test_ Predictions\T...,,,
D:\THEOPHYSICS_MASTER\03_PUBLICATIONS\Logos_Papers\COMPLETE_LOGOS_PAPERS_FINAL\Paper-01-The-Logos-Prin...,,,
D:\THEOPHYSICS_MASTER\03_PUBLICATIONS\Logos_Papers\COMPLETE_LOGOS_PAPERS_FINAL\Paper-01-The-Logos-Prin...,,,
D:\THEOPHYSICS_MASTER\03_PUBLICATIONS\Logos_Papers\COMPLETE_LOGOS_PAPERS_FINAL\Paper-01-The-Logos-Prin...,,,
D:\THEOPHYSICS_MASTER\03_PUBLICATIONS\Logos_Papers\COMPLETE_LOGOS_PAPERS_FINAL\Paper-02-The-Quantum-Br...,,,
D:\THEOPHYSICS_MASTER\03_PUBLICATIONS\Logos_Papers\COMPLETE_LOGOS_PAPERS_FINAL\Paper-02-The-Quantum-Br...,,,
D:\THEOPHYSICS_MASTER\03_PUBLICATIONS\Logos_Papers\COMPLETE_LOGOS_PAPERS_FINAL\Paper-02-The-Quantum-Br...,,,
D:\THEOPHYSICS_MASTER\03_PUBLICATIONS\Logos_Papers\COMPLETE_LOGOS_PAPERS_FINAL\Paper-02-The-Quantum-Br...,,,
D:\THEOPHYSICS_MASTER\03_PUBLICATIONS\Logos_Papers\COMPLETE_LOGOS_PAPERS_FINAL\Paper-02-The-Quantum-Br...,,,
D:\THEOPHYSICS_MASTER\03_PUBLICATIONS\Logos_Papers\COMPLETE_LOGOS_PAPERS_FINAL\Paper-02-The-Quantum-Br...,,,
D:\THEOPHYSICS_MASTER\03_PUBLICATIONS\Logos_Papers\COMPLETE_LOGOS_PAPERS_FINAL\Paper-02-The-Quantum-Br...,,,
D:\THEOPHYSICS_MASTER\03_PUBLICATIONS\Logos_Papers\COMPLETE_LOGOS_PAPERS_FINAL\Paper-02-The-Quantum-Br...,,,
D:\THEOPHYSICS_MASTER\03_PUBLICATIONS\Logos_Papers\COMPLETE_LOGOS_PAPERS_FINAL\Paper-02-The-Quantum-Br...,,,
D:\THEOPHYSICS_MASTER\03_PUBLICATIONS\Logos_Papers\COMPLETE_LOGOS_PAPERS_FINAL\Paper-02-The-Quantum-Br...,,,
D:\THEOPHYSICS_MASTER\03_PUBLICATIONS\Logos_Papers\COMPLETE_LOGOS_PAPERS_FINAL\Paper-02-The-Quantum-Br...,,,
D:\THEOPHYSICS_MASTER\03_PUBLICATIONS\Logos_Papers\COMPLETE_LOGOS_PAPERS_FINAL\Paper-02-The-Quantum-Br...,,,
D:\THEOPHYSICS_MASTER\03_PUBLICATIONS\Logos_Papers\COMPLETE_LOGOS_PAPERS_FINAL\Paper-02-The-Quantum-Br...,,,
D:\THEOPHYSICS_MASTER\03_PUBLICATIONS\Logos_Papers\COMPLETE_LOGOS_PAPERS_FINAL\Paper-02-The-Quantum-Br...,,,
D:\THEOPHYSICS_MASTER\03_PUBLICATIONS\Logos_Papers\COMPLETE_LOGOS_PAPERS_FINAL\Paper-03-The-Algorithm-...,,,
D:\THEOPHYSICS_MASTER\03_PUBLICATIONS\Logos_Papers\COMPLETE_LOGOS_PAPERS_FINAL\Paper-03-The-Algorithm-...,,,
D:\THEOPHYSICS_MASTER\03_PUBLICATIONS\Logos_Papers\COMPLETE_LOGOS_PAPERS_FINAL\Paper-03-The-Algorithm-...,,,
D:\THEOPHYSICS_MASTER\03_PUBLICATIONS\Logos_Papers\COMPLETE_LOGOS_PAPERS_FINAL\Paper-03-The-Algorithm-...,,,
D:\THEOPHYSICS_MASTER\03_PUBLICATIONS\Logos_Papers\COMPLETE_LOGOS_PAPERS_FINAL\Paper-03-The-Algorithm-...,,,
D:\THEOPHYSICS_MASTER\03_PUBLICATIONS\Logos_Papers\COMPLETE_LOGOS_PAPERS_FINAL\Paper-03-The-Algorithm-...,,,
D:\THEOPHYSICS_MASTER\03_PUBLICATIONS\Logos_Papers\COMPLETE_LOGOS_PAPERS_FINAL\Paper-03-The-Algorithm-...,,,
D:\THEOPHYSICS_MASTER\03_PUBLICATIONS\Logos_Papers\COMPLETE_LOGOS_PAPERS_FINAL\Paper-03-The-Algorithm-...,,,
D:\THEOPHYSICS_MASTER\03_PUBLICATIONS\Logos_Papers\COMPLETE_LOGOS_PAPERS_FINAL\Paper-03-The-Algorithm-...,,,
D:\THEOPHYSICS_MASTER\03_PUBLICATIONS\Logos_Papers\COMPLETE_LOGOS_PAPERS_FINAL\Paper-03-The-Algorithm-...,,,
D:\THEOPHYSICS_MASTER\03_PUBLICATIONS\Logos_Papers\COMPLETE_LOGOS_PAPERS_FINAL\Paper-03-The-Algorithm-...,,,
D:\THEOPHYSICS_MASTER\03_PUBLICATIONS\Logos_Papers\COMPLETE_LOGOS_PAPERS_FINAL\Paper-03-The-Algorithm-...,,,
D:\THEOPHYSICS_MASTER\03_PUBLICATIONS\Logos_Papers\COMPLETE_LOGOS_PAPERS_FINAL\Paper-03-The-Algorithm-...,,,
D:\THEOPHYSICS_MASTER\03_PUBLICATIONS\Logos_Papers\COMPLETE_LOGOS_PAPERS_FINAL\Paper-03-The-Algorithm-...,,,
D:\THEOPHYSICS_MASTER\03_PUBLICATIONS\Logos_Papers\COMPLETE_LOGOS_PAPERS_FINAL\Paper-03-The-Algorithm-...,,,
D:\THEOPHYSICS_MASTER\03_PUBLICATIONS\Logos_Papers\COMPLETE_LOGOS_PAPERS_FINAL\Paper-03-The-Algorithm-...,,,
D:\THEOPHYSICS_MASTER\03_PUBLICATIONS\Logos_Papers\COMPLETE_LOGOS_PAPERS_FINAL\Paper-03-The-Algorithm-...,,,
D:\THEOPHYSICS_MASTER\03_PUBLICATIONS\Logos_Papers\COMPLETE_LOGOS_PAPERS_FINAL\Paper-03-The-Algorithm-...,,,
D:\THEOPHYSICS_MASTER\03_PUBLICATIONS\Logos_Papers\COMPLETE_LOGOS_PAPERS_FINAL\Paper-05-The-Soul-Obser...,,,
D:\THEOPHYSICS_MASTER\03_PUBLICATIONS\Logos_Papers\COMPLETE_LOGOS_PAPERS_FINAL\Paper-05-The-Soul-Obser...,,,
D:\THEOPHYSICS_MASTER\03_PUBLICATIONS\Logos_Papers\COMPLETE_LOGOS_PAPERS_FINAL\Paper-05-The-Soul-Obser...,,,
D:\THEOPHYSICS_MASTER\03_PUBLICATIONS\Logos_Papers\COMPLETE_LOGOS_PAPERS_FINAL\Paper-05-The-Soul-Obser...,,,
D:\THEOPHYSICS_MASTER\03_PUBLICATIONS\Logos_Papers\COMPLETE_LOGOS_PAPERS_FINAL\Paper-06-A-Physics-of-P...,,,
D:\THEOPHYSICS_MASTER\03_PUBLICATIONS\Logos_Papers\COMPLETE_LOGOS_PAPERS_FINAL\Paper-06-A-Physics-of-P...,,,
D:\THEOPHYSICS_MASTER\03_PUBLICATIONS\Logos_Papers\COMPLETE_LOGOS_PAPERS_FINAL\Paper-06-A-Physics-of-P...,,,
D:\THEOPHYSICS_MASTER\03_PUBLICATIONS\Logos_Papers\COMPLETE_LOGOS_PAPERS_FINAL\Paper-06-A-Physics-of-P...,,,
D:\THEOPHYSICS_MASTER\03_PUBLICATIONS\Logos_Papers\COMPLETE_LOGOS_PAPERS_FINAL\Paper-07-The-Grace-Func...,,,
D:\THEOPHYSICS_MASTER\03_PUBLICATIONS\Logos_Papers\COMPLETE_LOGOS_PAPERS_FINAL\Paper-07-The-Grace-Func...,,,
D:\THEOPHYSICS_MASTER\03_PUBLICATIONS\Logos_Papers\COMPLETE_LOGOS_PAPERS_FINAL\Paper-07-The-Grace-Func...,,,
D:\THEOPHYSICS_MASTER\03_PUBLICATIONS\Logos_Papers\COMPLETE_LOGOS_PAPERS_FINAL\Paper-07-The-Grace-Func...,,,
D:\THEOPHYSICS_MASTER\03_PUBLICATIONS\Logos_Papers\COMPLETE_LOGOS_PAPERS_FINAL\Paper-07-The-Grace-Func...,,,
D:\THEOPHYSICS_MASTER\03_PUBLICATIONS\Logos_Papers\COMPLETE_LOGOS_PAPERS_FINAL\Paper-07-The-Grace-Func...,,,
D:\THEOPHYSICS_MASTER\03_PUBLICATIONS\Logos_Papers\COMPLETE_LOGOS_PAPERS_FINAL\Paper-07-The-Grace-Func...,,,
D:\THEOPHYSICS_MASTER\03_PUBLICATIONS\Logos_Papers\COMPLETE_LOGOS_PAPERS_FINAL\Paper-08-The-Stretched-...,,,
D:\THEOPHYSICS_MASTER\03_PUBLICATIONS\Logos_Papers\COMPLETE_LOGOS_PAPERS_FINAL\Paper-08-The-Stretched-...,,,
D:\THEOPHYSICS_MASTER\03_PUBLICATIONS\Logos_Papers\COMPLETE_LOGOS_PAPERS_FINAL\Paper-08-The-Stretched-...,,,
D:\THEOPHYSICS_MASTER\03_PUBLICATIONS\Logos_Papers\COMPLETE_LOGOS_PAPERS_FINAL\Paper-08-The-Stretched-...,,,
D:\THEOPHYSICS_MASTER\03_PUBLICATIONS\Logos_Papers\COMPLETE_LOGOS_PAPERS_FINAL\Paper-08-The-Stretched-...,,,
D:\THEOPHYSICS_MASTER\03_PUBLICATIONS\Logos_Papers\COMPLETE_LOGOS_PAPERS_FINAL\Paper-08-The-Stretched-...,,,
D:\THEOPHYSICS_MASTER\03_PUBLICATIONS\Logos_Papers\COMPLETE_LOGOS_PAPERS_FINAL\Paper-08-The-Stretched-...,,,
D:\THEOPHYSICS_MASTER\03_PUBLICATIONS\Logos_Papers\COMPLETE_LOGOS_PAPERS_FINAL\Paper-09-The-Moral-Univ...,,,
D:\THEOPHYSICS_MASTER\03_PUBLICATIONS\Logos_Papers\COMPLETE_LOGOS_PAPERS_FINAL\Paper-09-The-Moral-Univ...,,,
D:\THEOPHYSICS_MASTER\03_PUBLICATIONS\Logos_Papers\COMPLETE_LOGOS_PAPERS_FINAL\Paper-09-The-Moral-Univ...,,,
D:\THEOPHYSICS_MASTER\03_PUBLICATIONS\Logos_Papers\COMPLETE_LOGOS_PAPERS_FINAL\Paper-09-The-Moral-Univ...,,,
D:\THEOPHYSICS_MASTER\03_PUBLICATIONS\Logos_Papers\COMPLETE_LOGOS_PAPERS_FINAL\Paper-09-The-Moral-Univ...,,,
D:\THEOPHYSICS_MASTER\03_PUBLICATIONS\Logos_Papers\COMPLETE_LOGOS_PAPERS_FINAL\Paper-09-The-Moral-Univ...,,,
D:\THEOPHYSICS_MASTER\03_PUBLICATIONS\Logos_Papers\COMPLETE_LOGOS_PAPERS_FINAL\Paper-09-The-Moral-Univ...,,,
D:\THEOPHYSICS_MASTER\03_PUBLICATIONS\Logos_Papers\COMPLETE_LOGOS_PAPERS_FINAL\Paper-10-Creatio-ex-Sil...,,,
D:\THEOPHYSICS_MASTER\03_PUBLICATIONS\Logos_Papers\COMPLETE_LOGOS_PAPERS_FINAL\Paper-10-Creatio-ex-Sil...,,,
D:\THEOPHYSICS_MASTER\03_PUBLICATIONS\Logos_Papers\COMPLETE_LOGOS_PAPERS_FINAL\Paper-10-Creatio-ex-Sil...,,,
D:\THEOPHYSICS_MASTER\03_PUBLICATIONS\Logos_Papers\COMPLETE_LOGOS_PAPERS_FINAL\Paper-10-Creatio-ex-Sil...,,,
D:\THEOPHYSICS_MASTER\03_PUBLICATIONS\Logos_Papers\COMPLETE_LOGOS_PAPERS_FINAL\Paper-10-Creatio-ex-Sil...,,,
D:\THEOPHYSICS_MASTER\03_PUBLICATIONS\Logos_Papers\COMPLETE_LOGOS_PAPERS_FINAL\Paper-10-Creatio-ex-Sil...,,,
D:\THEOPHYSICS_MASTER\03_PUBLICATIONS\Logos_Papers\COMPLETE_LOGOS_PAPERS_FINAL\Paper-10-Creatio-ex-Sil...,,,
D:\THEOPHYSICS_MASTER\03_PUBLICATIONS\Logos_Papers\COMPLETE_LOGOS_PAPERS_FINAL\Paper-11-Protocols-for-...,,,
D:\THEOPHYSICS_MASTER\03_PUBLICATIONS\Logos_Papers\COMPLETE_LOGOS_PAPERS_FINAL\Paper-11-Protocols-for-...,,,
D:\THEOPHYSICS_MASTER\03_PUBLICATIONS\Logos_Papers\COMPLETE_LOGOS_PAPERS_FINAL\Paper-11-Protocols-for-...,,,
D:\THEOPHYSICS_MASTER\03_PUBLICATIONS\Logos_Papers\COMPLETE_LOGOS_PAPERS_FINAL\Paper-11-Protocols-for-...,,,
D:\THEOPHYSICS_MASTER\03_PUBLICATIONS\Logos_Papers\COMPLETE_LOGOS_PAPERS_FINAL\Paper-11-Protocols-for-...,,,
D:\THEOPHYSICS_MASTER\03_PUBLICATIONS\Logos_Papers\COMPLETE_LOGOS_PAPERS_FINAL\Paper-11-Protocols-for-...,,,
D:\THEOPHYSICS_MASTER\03_PUBLICATIONS\Logos_Papers\COMPLETE_LOGOS_PAPERS_FINAL\Paper-11-Protocols-for-...,,,
D:\THEOPHYSICS_MASTER\03_PUBLICATIONS\Logos_Papers\COMPLETE_LOGOS_PAPERS_FINAL\Paper-12-The-Decalogue-...,,,
D:\THEOPHYSICS_MASTER\03_PUBLICATIONS\Logos_Papers\COMPLETE_LOGOS_PAPERS_FINAL\Paper-12-The-Decalogue-...,,,
D:\THEOPHYSICS_MASTER\03_PUBLICATIONS\Logos_Papers\COMPLETE_LOGOS_PAPERS_FINAL\Paper-12-The-Decalogue-...,,,
D:\THEOPHYSICS_MASTER\03_PUBLICATIONS\Logos_Papers\COMPLETE_LOGOS_PAPERS_FINAL\Paper-12-The-Decalogue-...,,,
D:\THEOPHYSICS_MASTER\03_PUBLICATIONS\Logos_Papers\COMPLETE_LOGOS_PAPERS_FINAL\THEOPHYSICS_MASTER_PAPE...,,,
D:\THEOPHYSICS_MASTER\03_PUBLICATIONS\Logos_Papers\COMPLETE_LOGOS_PAPERS_FINAL\THEOPHYSICS_MASTER_PAPE...,,,
D:\THEOPHYSICS_MASTER\03_PUBLICATIONS\Logos_Papers\COMPLETE_LOGOS_PAPERS_FINAL\THEOPHYSICS_MASTER_PAPE...,,,
D:\THEOPHYSICS_MASTER\03_PUBLICATIONS\Logos_Papers\COMPLETE_LOGOS_PAPERS_FINAL\THEOPHYSICS_MASTER_PAPE...,,,
D:\THEOPHYSICS_MASTER\03_PUBLICATIONS\Logos_Papers\COMPLETE_LOGOS_PAPERS_FINAL\THEOPHYSICS_MASTER_PAPE...,,,
D:\THEOPHYSICS_MASTER\03_PUBLICATIONS\Logos_Papers\COMPLETE_LOGOS_PAPERS_FINAL\THEOPHYSICS_MASTER_PAPE...,,,
D:\THEOPHYSICS_MASTER\03_PUBLICATIONS\Logos_Papers\COMPLETE_LOGOS_PAPERS_FINAL\THEOPHYSICS_MASTER_PAPE...,,,
D:\THEOPHYSICS_MASTER\03_PUBLICATIONS\Logos_Papers\COMPLETE_LOGOS_PAPERS_FINAL\THEOPHYSICS_MASTER_PAPE...,,,
D:\THEOPHYSICS_MASTER\03_PUBLICATIONS\Logos_Papers\COMPLETE_LOGOS_PAPERS_FINAL\THEOPHYSICS_MASTER_PAPE...,,,
D:\THEOPHYSICS_MASTER\03_PUBLICATIONS\Logos_Papers\COMPLETE_LOGOS_PAPERS_FINAL\THEOPHYSICS_MASTER_PAPE...,,,
D:\THEOPHYSICS_MASTER\03_PUBLICATIONS\Logos_Papers\COMPLETE_LOGOS_PAPERS_FINAL\THEOPHYSICS_MASTER_PAPE...,,,
D:\THEOPHYSICS_MASTER\03_PUBLICATIONS\Logos_Papers\COMPLETE_LOGOS_PAPERS_FINAL\THEOPHYSICS_MASTER_PAPE...,,,
D:\THEOPHYSICS_MASTER\03_PUBLICATIONS\Logos_Papers\COMPLETE_LOGOS_PAPERS_FINAL\THEOPHYSICS_MASTER_PAPE...,,,
D:\THEOPHYSICS_MASTER\03_PUBLICATIONS\Logos_Papers\COMPLETE_LOGOS_PAPERS_FINAL\THEOPHYSICS_MASTER_PAPE...,,,
D:\THEOPHYSICS_MASTER\03_PUBLICATIONS\Logos_Papers\COMPLETE_LOGOS_PAPERS_FINAL\THEOPHYSICS_MASTER_PAPE...,,,
D:\THEOPHYSICS_MASTER\03_PUBLICATIONS\Logos_Papers\COMPLETE_LOGOS_PAPERS_FINAL\THEOPHYSICS_MASTER_PAPE...,,,
D:\THEOPHYSICS_MASTER\03_PUBLICATIONS\Logos_Papers\COMPLETE_LOGOS_PAPERS_FINAL\THEOPHYSICS_MASTER_PAPE...,,,
D:\THEOPHYSICS_MASTER\03_PUBLICATIONS\Logos_Papers\COMPLETE_LOGOS_PAPERS_FINAL\THEOPHYSICS_MASTER_PAPE...,,,
D:\THEOPHYSICS_MASTER\03_PUBLICATIONS\Logos_Papers\COMPLETE_LOGOS_PAPERS_FINAL\THEOPHYSICS_MASTER_PAPE...,,,
D:\THEOPHYSICS_MASTER\03_PUBLICATIONS\Logos_Papers\COMPLETE_LOGOS_PAPERS_FINAL\THEOPHYSICS_MASTER_PAPE...,,,
D:\THEOPHYSICS_MASTER\03_PUBLICATIONS\Logos_Papers\COMPLETE_LOGOS_PAPERS_FINAL\THEOPHYSICS_MASTER_PAPE...,,,
D:\THEOPHYSICS_MASTER\03_PUBLICATIONS\Logos_Papers\COMPLETE_LOGOS_PAPERS_FINAL\THEOPHYSICS_MASTER_PAPE...,,,
D:\THEOPHYSICS_MASTER\03_PUBLICATIONS\Logos_Papers\COMPLETE_LOGOS_PAPERS_FINAL\THEOPHYSICS_MASTER_PAPE...,,,
D:\THEOPHYSICS_MASTER\03_PUBLICATIONS\Logos_Papers\COMPLETE_LOGOS_PAPERS_FINAL\THEOPHYSICS_MASTER_PAPE...,,,
D:\THEOPHYSICS_MASTER\03_PUBLICATIONS\Logos_Papers\COMPLETE_LOGOS_PAPERS_FINAL\THEOPHYSICS_MASTER_PAPE...,,,
D:\THEOPHYSICS_MASTER\03_PUBLICATIONS\Logos_Papers\COMPLETE_LOGOS_PAPERS_FINAL\THEOPHYSICS_MASTER_PAPE...,,,
D:\THEOPHYSICS_MASTER\03_PUBLICATIONS\Logos_Papers\COMPLETE_LOGOS_PAPERS_FINAL\THEOPHYSICS_MASTER_PAPE...,,,
D:\THEOPHYSICS_MASTER\03_PUBLICATIONS\Logos_Papers\COMPLETE_LOGOS_PAPERS_FINAL\THEOPHYSICS_MASTER_PAPE...,,,
D:\THEOPHYSICS_MASTER\03_PUBLICATIONS\Logos_Papers\COMPLETE_LOGOS_PAPERS_FINAL\THEOPHYSICS_MASTER_PAPE...,,,
D:\THEOPHYSICS_MASTER\03_PUBLICATIONS\Logos_Papers\COMPLETE_LOGOS_PAPERS_FINAL\THEOPHYSICS_MASTER_PAPE...,,,
D:\THEOPHYSICS_MASTER\03_PUBLICATIONS\Logos_Papers\COMPLETE_LOGOS_PAPERS_FINAL\THEOPHYSICS_MASTER_PAPE...,,,
D:\THEOPHYSICS_MASTER\03_PUBLICATIONS\Logos_Papers\COMPLETE_LOGOS_PAPERS_FINAL\THEOPHYSICS_MASTER_PAPE...,,,
D:\THEOPHYSICS_MASTER\03_PUBLICATIONS\Logos_Papers\COMPLETE_LOGOS_PAPERS_FINAL\THEOPHYSICS_MASTER_PAPE...,,,
D:\THEOPHYSICS_MASTER\03_PUBLICATIONS\Logos_Papers\COMPLETE_LOGOS_PAPERS_FINAL\THEOPHYSICS_MASTER_PAPE...,,,
D:\THEOPHYSICS_MASTER\03_PUBLICATIONS\Logos_Papers\COMPLETE_LOGOS_PAPERS_FINAL\THEOPHYSICS_MASTER_PAPE...,,,
D:\THEOPHYSICS_MASTER\03_PUBLICATIONS\Logos_Papers\COMPLETE_LOGOS_PAPERS_FINAL\THEOPHYSICS_MASTER_PAPE...,,,
D:\THEOPHYSICS_MASTER\03_PUBLICATIONS\Logos_Papers\COMPLETE_LOGOS_PAPERS_FINAL\THEOPHYSICS_MASTER_PAPE...,,,
D:\THEOPHYSICS_MASTER\03_PUBLICATIONS\Logos_Papers\COMPLETE_LOGOS_PAPERS_FINAL\THEOPHYSICS_MASTER_PAPE...,,,
D:\THEOPHYSICS_MASTER\03_PUBLICATIONS\Logos_Papers\COMPLETE_LOGOS_PAPERS_FINAL\THEOPHYSICS_MASTER_PAPE...,,,
D:\THEOPHYSICS_MASTER\03_PUBLICATIONS\Logos_Papers\COMPLETE_LOGOS_PAPERS_FINAL\THEOPHYSICS_MASTER_PAPE...,,,
D:\THEOPHYSICS_MASTER\03_PUBLICATIONS\Logos_Papers\COMPLETE_LOGOS_PAPERS_FINAL\THEOPHYSICS_MASTER_PAPE...,,,
D:\THEOPHYSICS_MASTER\03_PUBLICATIONS\Logos_Papers\COMPLETE_LOGOS_PAPERS_FINAL\THEOPHYSICS_MASTER_PAPE...,,,
D:\THEOPHYSICS_MASTER\03_PUBLICATIONS\Logos_Papers\COMPLETE_LOGOS_PAPERS_FINAL\THEOPHYSICS_MASTER_PAPE...,,,
D:\THEOPHYSICS_MASTER\03_PUBLICATIONS\Logos_Papers\COMPLETE_LOGOS_PAPERS_FINAL\THEOPHYSICS_MASTER_PAPE...,,,
D:\THEOPHYSICS_MASTER\03_PUBLICATIONS\Logos_Papers\COMPLETE_LOGOS_PAPERS_FINAL\THEOPHYSICS_MASTER_PAPE...,,,
D:\THEOPHYSICS_MASTER\03_PUBLICATIONS\Logos_Papers\COMPLETE_LOGOS_PAPERS_FINAL\THEOPHYSICS_MASTER_PAPE...,,,
D:\THEOPHYSICS_MASTER\03_PUBLICATIONS\Logos_Papers\COMPLETE_LOGOS_PAPERS_FINAL\THEOPHYSICS_MASTER_PAPE...,,,
D:\THEOPHYSICS_MASTER\03_PUBLICATIONS\Logos_Papers\COMPLETE_LOGOS_PAPERS_FINAL\THEOPHYSICS_MASTER_PAPE...,,,
D:\THEOPHYSICS_MASTER\03_PUBLICATIONS\Logos_Papers\COMPLETE_LOGOS_PAPERS_FINAL\THEOPHYSICS_MASTER_PAPE...,,,
D:\THEOPHYSICS_MASTER\03_PUBLICATIONS\Logos_Papers\COMPLETE_LOGOS_PAPERS_FINAL\THEOPHYSICS_MASTER_PAPE...,,,
D:\THEOPHYSICS_MASTER\03_PUBLICATIONS\Logos_Papers\COMPLETE_LOGOS_PAPERS_FINAL\THEOPHYSICS_MASTER_PAPE...,,,
D:\THEOPHYSICS_MASTER\03_PUBLICATIONS\Logos_Papers\COMPLETE_LOGOS_PAPERS_FINAL\THEOPHYSICS_MASTER_PAPE...,,,
D:\THEOPHYSICS_MASTER\03_PUBLICATIONS\Logos_Papers\COMPLETE_LOGOS_PAPERS_FINAL\THEOPHYSICS_MASTER_PAPE...,,,
D:\THEOPHYSICS_MASTER\03_PUBLICATIONS\Logos_Papers\COMPLETE_LOGOS_PAPERS_FINAL\THEOPHYSICS_MASTER_PAPE...,,,
D:\THEOPHYSICS_MASTER\03_PUBLICATIONS\Logos_Papers\COMPLETE_LOGOS_PAPERS_FINAL\THEOPHYSICS_MASTER_PAPE...,,,
D:\THEOPHYSICS_MASTER\03_PUBLICATIONS\Logos_Papers\COMPLETE_LOGOS_PAPERS_FINAL\THEOPHYSICS_MASTER_PAPE...,,,
D:\THEOPHYSICS_MASTER\03_PUBLICATIONS\Logos_Papers\COMPLETE_LOGOS_PAPERS_FINAL\THEOPHYSICS_MASTER_PAPE...,,,
D:\THEOPHYSICS_MASTER\03_PUBLICATIONS\Logos_Papers\COMPLETE_LOGOS_PAPERS_FINAL\THEOPHYSICS_MASTER_PAPE...,,,
D:\THEOPHYSICS_MASTER\03_PUBLICATIONS\Logos_Papers\COMPLETE_LOGOS_PAPERS_FINAL\THEOPHYSICS_MASTER_PAPE...,,,
D:\THEOPHYSICS_MASTER\03_PUBLICATIONS\Logos_Papers\COMPLETE_LOGOS_PAPERS_FINAL\THEOPHYSICS_MASTER_PAPE...,,,
D:\THEOPHYSICS_MASTER\03_PUBLICATIONS\Logos_Papers\COMPLETE_LOGOS_PAPERS_FINAL\THEOPHYSICS_MASTER_PAPE...,,,
D:\THEOPHYSICS_MASTER\03_PUBLICATIONS\Logos_Papers\COMPLETE_LOGOS_PAPERS_FINAL\THEOPHYSICS_MASTER_PAPE...,,,
D:\THEOPHYSICS_MASTER\03_PUBLICATIONS\Logos_Papers\COMPLETE_LOGOS_PAPERS_FINAL\THEOPHYSICS_MASTER_PAPE...,,,
D:\THEOPHYSICS_MASTER\03_PUBLICATIONS\Logos_Papers\COMPLETE_LOGOS_PAPERS_FINAL\THEOPHYSICS_MASTER_PAPE...,,,
D:\THEOPHYSICS_MASTER\03_PUBLICATIONS\Logos_Papers\COMPLETE_LOGOS_PAPERS_FINAL\THEOPHYSICS_MASTER_PAPE...,,,
D:\THEOPHYSICS_MASTER\03_PUBLICATIONS\Logos_Papers\COMPLETE_LOGOS_PAPERS_FINAL\THEOPHYSICS_MASTER_PAPE...,,,
D:\THEOPHYSICS_MASTER\03_PUBLICATIONS\Logos_Papers\COMPLETE_LOGOS_PAPERS_FINAL\THEOPHYSICS_MASTER_PAPE...,,,
D:\THEOPHYSICS_MASTER\03_PUBLICATIONS\Logos_Papers\COMPLETE_LOGOS_PAPERS_FINAL\THEOPHYSICS_MASTER_PAPE...,,,
D:\THEOPHYSICS_MASTER\03_PUBLICATIONS\Logos_Papers\COMPLETE_LOGOS_PAPERS_FINAL\THEOPHYSICS_MASTER_PAPE...,,,
D:\THEOPHYSICS_MASTER\03_PUBLICATIONS\Logos_Papers\COMPLETE_LOGOS_PAPERS_FINAL\THEOPHYSICS_MASTER_PAPE...,,,
D:\THEOPHYSICS_MASTER\03_PUBLICATIONS\Logos_Papers\COMPLETE_LOGOS_PAPERS_FINAL\THEOPHYSICS_MASTER_PAPE...,,,
D:\THEOPHYSICS_MASTER\03_PUBLICATIONS\Logos_Papers\COMPLETE_LOGOS_PAPERS_FINAL\THEOPHYSICS_MASTER_PAPE...,,,
D:\THEOPHYSICS_MASTER\03_PUBLICATIONS\Logos_Papers\COMPLETE_LOGOS_PAPERS_FINAL\THEOPHYSICS_MASTER_PAPE...,,,
D:\THEOPHYSICS_MASTER\03_PUBLICATIONS\Logos_Papers\COMPLETE_LOGOS_PAPERS_FINAL\THEOPHYSICS_MASTER_PAPE...,,,
D:\THEOPHYSICS_MASTER\03_PUBLICATIONS\Logos_Papers\COMPLETE_LOGOS_PAPERS_FINAL\THEOPHYSICS_MASTER_PAPE...,,,
D:\THEOPHYSICS_MASTER\03_PUBLICATIONS\Logos_Papers\COMPLETE_LOGOS_PAPERS_FINAL\THEOPHYSICS_MASTER_PAPE...,,,
D:\THEOPHYSICS_MASTER\03_PUBLICATIONS\Logos_Papers\COMPLETE_LOGOS_PAPERS_FINAL\THEOPHYSICS_MASTER_PAPE...,,,
D:\THEOPHYSICS_MASTER\03_PUBLICATIONS\Logos_Papers\COMPLETE_LOGOS_PAPERS_FINAL\THEOPHYSICS_MASTER_PAPE...,,,
D:\THEOPHYSICS_MASTER\03_PUBLICATIONS\Logos_Papers\COMPLETE_LOGOS_PAPERS_FINAL\THEOPHYSICS_MASTER_PAPE...,,,
D:\THEOPHYSICS_MASTER\03_PUBLICATIONS\Logos_Papers\COMPLETE_LOGOS_PAPERS_FINAL\THEOPHYSICS_MASTER_PAPE...,,,
